{
  "hash": "319032f698ae84ec92d27cd61ff7d48e",
  "result": {
    "engine": "jupyter",
    "markdown": "---\ntitle: Arizona Random Forest Flood Mapping\nauthor:\n  - name: Travis Zalesky\n    orcid: 0009-0006-0181-3099\n    corresponding: true\n    email: travisz@arizona.edu\n    roles:\n      - Investigation\n      - Project administration\n      - Software\n      - Visualization\n    affiliations:\n      - University of Arizona\nkeywords:\n  - Arizona\n  - Flood\n  - Federal Emergency Management Administration\n  - Random Forest\n  - Machine Learning\nabstract: |\n  Federal Emergency Management Administration 100-year flood risk maps are expanded across the state of Arizona using a random forest, machine learning classification utilizing eight topographic explanatory variables.\nplain-language-summary: |\n  Flood mapping across Arizona.\nkey-points:\n  - FEMA 100-year flood risk maps were obtained on a county-by-county basis from National Flood Hazards map.\n  - Flood risk maps were simplified to a binary output, flooded or not flooded (during a 100-year flood event).\n  - Eight topographic variables were calculated or derived from the NASA 30-m Shuttle Radar Topography Mission digital elevation model as explanatory variables for the model.\n  - Random forest modeling was performed in Google Earth Engine, with highly iterative hpyer-parametrization performed within the San Pedro watershed.\n  - The best performing model within the San Pedro was expanded to the full study area, encompassing Arizona with 35,000 testing and training data points.\n  - The resulting flood model benefited from some additional post-processing.\ndate: last-modified\nbibliography: references.bib\ncsl: apa.csl  # citation style guide\nnumber-sections: true\njupyter: python3\n---\n\n\n\n\n\n\n## Introduction\n@Tehrany_Jones_Shabani_2019\n\n## Data & Methods {#sec-data-methods}\n\n## Conclusion\n\n## References {.unnumbered}\n\n::: {#refs}\n:::\n\n",
    "supporting": [
      "index_files\\figure-docx"
    ],
    "filters": []
  }
}